-- phpMyAdmin SQL Dump
-- version 4.5.4.1deb2ubuntu2
-- http://www.phpmyadmin.net
--
-- Host: localhost
-- Generation Time: Nov 08, 2016 at 11:05 PM
-- Server version: 5.7.16-0ubuntu0.16.04.1
-- PHP Version: 7.0.8-0ubuntu0.16.04.3

SET SQL_MODE = "NO_AUTO_VALUE_ON_ZERO";
SET time_zone = "+00:00";


/*!40101 SET @OLD_CHARACTER_SET_CLIENT=@@CHARACTER_SET_CLIENT */;
/*!40101 SET @OLD_CHARACTER_SET_RESULTS=@@CHARACTER_SET_RESULTS */;
/*!40101 SET @OLD_COLLATION_CONNECTION=@@COLLATION_CONNECTION */;
/*!40101 SET NAMES utf8mb4 */;

--
-- Database: `allOrders`
--

-- --------------------------------------------------------

--
-- Table structure for table `o`
--

CREATE TABLE `o` (
  `product_name` varchar(20) DEFAULT NULL,
  `product_id` varchar(20) DEFAULT NULL,
  `quantity` int(11) DEFAULT NULL
) ENGINE=InnoDB DEFAULT CHARSET=latin1;

--
-- Dumping data for table `o`
--

INSERT INTO `o` (`product_name`, `product_id`, `quantity`) VALUES
('bhujia', '1', 3);

-- --------------------------------------------------------

--
-- Table structure for table `o20`
--

CREATE TABLE `o20` (
  `product_name` varchar(20) DEFAULT NULL,
  `product_id` varchar(20) DEFAULT NULL,
  `quantity` int(11) DEFAULT NULL
) ENGINE=InnoDB DEFAULT CHARSET=latin1;

--
-- Dumping data for table `o20`
--

INSERT INTO `o20` (`product_name`, `product_id`, `quantity`) VALUES
('bhujia', '1', 8);

-- --------------------------------------------------------

--
-- Table structure for table `o21`
--

CREATE TABLE `o21` (
  `product_name` varchar(20) DEFAULT NULL,
  `product_id` varchar(20) DEFAULT NULL,
  `quantity` int(11) DEFAULT NULL
) ENGINE=InnoDB DEFAULT CHARSET=latin1;

--
-- Dumping data for table `o21`
--

INSERT INTO `o21` (`product_name`, `product_id`, `quantity`) VALUES
('bhujia', '1', 8);

-- --------------------------------------------------------

--
-- Table structure for table `o22`
--

CREATE TABLE `o22` (
  `product_name` varchar(20) DEFAULT NULL,
  `product_id` varchar(20) DEFAULT NULL,
  `quantity` int(11) DEFAULT NULL
) ENGINE=InnoDB DEFAULT CHARSET=latin1;

--
-- Dumping data for table `o22`
--

INSERT INTO `o22` (`product_name`, `product_id`, `quantity`) VALUES
('bhujia', '1', 8);

-- --------------------------------------------------------

--
-- Table structure for table `o23`
--

CREATE TABLE `o23` (
  `product_name` varchar(20) DEFAULT NULL,
  `product_id` varchar(20) DEFAULT NULL,
  `quantity` int(11) DEFAULT NULL
) ENGINE=InnoDB DEFAULT CHARSET=latin1;

--
-- Dumping data for table `o23`
--

INSERT INTO `o23` (`product_name`, `product_id`, `quantity`) VALUES
('bhujia', '1', 14);

-- --------------------------------------------------------

--
-- Table structure for table `o24`
--

CREATE TABLE `o24` (
  `product_name` varchar(20) DEFAULT NULL,
  `product_id` varchar(20) DEFAULT NULL,
  `quantity` int(11) DEFAULT NULL
) ENGINE=InnoDB DEFAULT CHARSET=latin1;

--
-- Dumping data for table `o24`
--

INSERT INTO `o24` (`product_name`, `product_id`, `quantity`) VALUES
('bhujia', '1', 15);

-- --------------------------------------------------------

--
-- Table structure for table `o25`
--

CREATE TABLE `o25` (
  `product_name` varchar(20) DEFAULT NULL,
  `product_id` varchar(20) DEFAULT NULL,
  `quantity` int(11) DEFAULT NULL
) ENGINE=InnoDB DEFAULT CHARSET=latin1;

--
-- Dumping data for table `o25`
--

INSERT INTO `o25` (`product_name`, `product_id`, `quantity`) VALUES
('bhujia', '1', 3);

-- --------------------------------------------------------

--
-- Table structure for table `o26`
--

CREATE TABLE `o26` (
  `product_name` varchar(20) DEFAULT NULL,
  `product_id` varchar(20) DEFAULT NULL,
  `quantity` int(11) DEFAULT NULL
) ENGINE=InnoDB DEFAULT CHARSET=latin1;

--
-- Dumping data for table `o26`
--

INSERT INTO `o26` (`product_name`, `product_id`, `quantity`) VALUES
('bhujia', '1', 3);

-- --------------------------------------------------------

--
-- Table structure for table `o27`
--

CREATE TABLE `o27` (
  `product_name` varchar(20) DEFAULT NULL,
  `product_id` varchar(20) DEFAULT NULL,
  `quantity` int(11) DEFAULT NULL
) ENGINE=InnoDB DEFAULT CHARSET=latin1;

--
-- Dumping data for table `o27`
--

INSERT INTO `o27` (`product_name`, `product_id`, `quantity`) VALUES
('bhujia', '1', 3);

-- --------------------------------------------------------

--
-- Table structure for table `o28`
--

CREATE TABLE `o28` (
  `product_name` varchar(20) DEFAULT NULL,
  `product_id` varchar(20) DEFAULT NULL,
  `quantity` int(11) DEFAULT NULL
) ENGINE=InnoDB DEFAULT CHARSET=latin1;

--
-- Dumping data for table `o28`
--

INSERT INTO `o28` (`product_name`, `product_id`, `quantity`) VALUES
('bhujia', '1', 4);

-- --------------------------------------------------------

--
-- Table structure for table `o29`
--

CREATE TABLE `o29` (
  `product_name` varchar(20) DEFAULT NULL,
  `product_id` varchar(20) DEFAULT NULL,
  `quantity` int(11) DEFAULT NULL
) ENGINE=InnoDB DEFAULT CHARSET=latin1;

--
-- Dumping data for table `o29`
--

INSERT INTO `o29` (`product_name`, `product_id`, `quantity`) VALUES
('bhujia', '1', 4);

-- --------------------------------------------------------

--
-- Table structure for table `o30`
--

CREATE TABLE `o30` (
  `product_name` varchar(20) DEFAULT NULL,
  `product_id` varchar(20) DEFAULT NULL,
  `quantity` int(11) DEFAULT NULL
) ENGINE=InnoDB DEFAULT CHARSET=latin1;

--
-- Dumping data for table `o30`
--

INSERT INTO `o30` (`product_name`, `product_id`, `quantity`) VALUES
('bhujia', '1', 4);

-- --------------------------------------------------------

--
-- Table structure for table `o31`
--

CREATE TABLE `o31` (
  `product_name` varchar(20) DEFAULT NULL,
  `product_id` varchar(20) DEFAULT NULL,
  `quantity` int(11) DEFAULT NULL
) ENGINE=InnoDB DEFAULT CHARSET=latin1;

--
-- Dumping data for table `o31`
--

INSERT INTO `o31` (`product_name`, `product_id`, `quantity`) VALUES
('bhujia', '1', 4);

-- --------------------------------------------------------

--
-- Table structure for table `o32`
--

CREATE TABLE `o32` (
  `product_name` varchar(20) DEFAULT NULL,
  `product_id` varchar(20) DEFAULT NULL,
  `quantity` int(11) DEFAULT NULL
) ENGINE=InnoDB DEFAULT CHARSET=latin1;

--
-- Dumping data for table `o32`
--

INSERT INTO `o32` (`product_name`, `product_id`, `quantity`) VALUES
('bhujia', '1', 13);

-- --------------------------------------------------------

--
-- Table structure for table `o33`
--

CREATE TABLE `o33` (
  `product_name` varchar(20) DEFAULT NULL,
  `product_id` varchar(20) DEFAULT NULL,
  `quantity` int(11) DEFAULT NULL
) ENGINE=InnoDB DEFAULT CHARSET=latin1;

--
-- Dumping data for table `o33`
--

INSERT INTO `o33` (`product_name`, `product_id`, `quantity`) VALUES
('bhujia', '1', 13);

-- --------------------------------------------------------

--
-- Table structure for table `o34`
--

CREATE TABLE `o34` (
  `product_name` varchar(20) DEFAULT NULL,
  `product_id` varchar(20) DEFAULT NULL,
  `quantity` int(11) DEFAULT NULL
) ENGINE=InnoDB DEFAULT CHARSET=latin1;

--
-- Dumping data for table `o34`
--

INSERT INTO `o34` (`product_name`, `product_id`, `quantity`) VALUES
('bhujia', '1', 13);

-- --------------------------------------------------------

--
-- Table structure for table `o35`
--

CREATE TABLE `o35` (
  `product_name` varchar(20) DEFAULT NULL,
  `product_id` varchar(20) DEFAULT NULL,
  `quantity` int(11) DEFAULT NULL
) ENGINE=InnoDB DEFAULT CHARSET=latin1;

--
-- Dumping data for table `o35`
--

INSERT INTO `o35` (`product_name`, `product_id`, `quantity`) VALUES
('bhujia', '1', 13);

-- --------------------------------------------------------

--
-- Table structure for table `o36`
--

CREATE TABLE `o36` (
  `product_name` varchar(20) DEFAULT NULL,
  `product_id` varchar(20) DEFAULT NULL,
  `quantity` int(11) DEFAULT NULL
) ENGINE=InnoDB DEFAULT CHARSET=latin1;

--
-- Dumping data for table `o36`
--

INSERT INTO `o36` (`product_name`, `product_id`, `quantity`) VALUES
('bhujia', '1', 13);

-- --------------------------------------------------------

--
-- Table structure for table `o37`
--

CREATE TABLE `o37` (
  `product_name` varchar(20) DEFAULT NULL,
  `product_id` varchar(20) DEFAULT NULL,
  `quantity` int(11) DEFAULT NULL
) ENGINE=InnoDB DEFAULT CHARSET=latin1;

--
-- Dumping data for table `o37`
--

INSERT INTO `o37` (`product_name`, `product_id`, `quantity`) VALUES
('bhujia', '1', 13);

-- --------------------------------------------------------

--
-- Table structure for table `o38`
--

CREATE TABLE `o38` (
  `product_name` varchar(20) DEFAULT NULL,
  `product_id` varchar(20) DEFAULT NULL,
  `quantity` int(11) DEFAULT NULL
) ENGINE=InnoDB DEFAULT CHARSET=latin1;

--
-- Dumping data for table `o38`
--

INSERT INTO `o38` (`product_name`, `product_id`, `quantity`) VALUES
('bhujia', '1', 1);

-- --------------------------------------------------------

--
-- Table structure for table `o39`
--

CREATE TABLE `o39` (
  `product_name` varchar(20) DEFAULT NULL,
  `product_id` varchar(20) DEFAULT NULL,
  `quantity` int(11) DEFAULT NULL
) ENGINE=InnoDB DEFAULT CHARSET=latin1;

--
-- Dumping data for table `o39`
--

INSERT INTO `o39` (`product_name`, `product_id`, `quantity`) VALUES
('bhujia', '1', 1);

-- --------------------------------------------------------

--
-- Table structure for table `o40`
--

CREATE TABLE `o40` (
  `product_name` varchar(20) DEFAULT NULL,
  `product_id` varchar(20) DEFAULT NULL,
  `quantity` int(11) DEFAULT NULL
) ENGINE=InnoDB DEFAULT CHARSET=latin1;

--
-- Dumping data for table `o40`
--

INSERT INTO `o40` (`product_name`, `product_id`, `quantity`) VALUES
('bhujia', '1', 1);

-- --------------------------------------------------------

--
-- Table structure for table `o42`
--

CREATE TABLE `o42` (
  `product_name` varchar(20) DEFAULT NULL,
  `product_id` varchar(20) DEFAULT NULL,
  `quantity` int(11) DEFAULT NULL
) ENGINE=InnoDB DEFAULT CHARSET=latin1;

--
-- Dumping data for table `o42`
--

INSERT INTO `o42` (`product_name`, `product_id`, `quantity`) VALUES
('bhujia', '1', 2);

-- --------------------------------------------------------

--
-- Table structure for table `o43`
--

CREATE TABLE `o43` (
  `product_name` varchar(20) DEFAULT NULL,
  `product_id` varchar(20) DEFAULT NULL,
  `quantity` int(11) DEFAULT NULL
) ENGINE=InnoDB DEFAULT CHARSET=latin1;

--
-- Dumping data for table `o43`
--

INSERT INTO `o43` (`product_name`, `product_id`, `quantity`) VALUES
('bhujia', '1', 10),
('Jaibaberi', ' 1234', 5),
('Malai Baraf', ' 12341', 2),
('Jaftf', ' 3441', 6),
('Begali churan', ' 12345', 3);

-- --------------------------------------------------------

--
-- Table structure for table `o44`
--

CREATE TABLE `o44` (
  `product_name` varchar(20) DEFAULT NULL,
  `product_id` varchar(20) DEFAULT NULL,
  `quantity` int(11) DEFAULT NULL
) ENGINE=InnoDB DEFAULT CHARSET=latin1;

--
-- Dumping data for table `o44`
--

INSERT INTO `o44` (`product_name`, `product_id`, `quantity`) VALUES
('Jaibaberi', ' 1234', 13),
('Malai Baraf', ' 12341', 6),
('Begali churan', ' 12345', 5),
('bhujia', '1', 2),
('Jaftf', ' 3441', 1);

-- --------------------------------------------------------

--
-- Table structure for table `o45`
--

CREATE TABLE `o45` (
  `product_name` varchar(20) DEFAULT NULL,
  `product_id` varchar(20) DEFAULT NULL,
  `quantity` int(11) DEFAULT NULL
) ENGINE=InnoDB DEFAULT CHARSET=latin1;

--
-- Dumping data for table `o45`
--

INSERT INTO `o45` (`product_name`, `product_id`, `quantity`) VALUES
('Jaibaberi', ' 1234', 13),
('Malai Baraf', ' 12341', 6),
('Begali churan', ' 12345', 5),
('bhujia', '1', 4),
('Jaftf', ' 3441', 1);

-- --------------------------------------------------------

--
-- Table structure for table `o46`
--

CREATE TABLE `o46` (
  `product_name` varchar(20) DEFAULT NULL,
  `product_id` varchar(20) DEFAULT NULL,
  `quantity` int(11) DEFAULT NULL
) ENGINE=InnoDB DEFAULT CHARSET=latin1;

--
-- Dumping data for table `o46`
--

INSERT INTO `o46` (`product_name`, `product_id`, `quantity`) VALUES
('Thick Sev', '5', 1);

-- --------------------------------------------------------

--
-- Table structure for table `o47`
--

CREATE TABLE `o47` (
  `product_name` varchar(20) DEFAULT NULL,
  `product_id` varchar(20) DEFAULT NULL,
  `quantity` int(11) DEFAULT NULL
) ENGINE=InnoDB DEFAULT CHARSET=latin1;

--
-- Dumping data for table `o47`
--

INSERT INTO `o47` (`product_name`, `product_id`, `quantity`) VALUES
('Thick Sev', '5', 1),
('Chivda Mixture', '6', 4);

-- --------------------------------------------------------

--
-- Table structure for table `o48`
--

CREATE TABLE `o48` (
  `product_name` varchar(20) DEFAULT NULL,
  `product_id` varchar(20) DEFAULT NULL,
  `quantity` int(11) DEFAULT NULL
) ENGINE=InnoDB DEFAULT CHARSET=latin1;

--
-- Dumping data for table `o48`
--

INSERT INTO `o48` (`product_name`, `product_id`, `quantity`) VALUES
('Gajak', '12', 5),
('Ratlami Sev', '19', 2),
('Lassi', '40', 1);

-- --------------------------------------------------------

--
-- Table structure for table `o49`
--

CREATE TABLE `o49` (
  `product_name` varchar(20) DEFAULT NULL,
  `product_id` varchar(20) DEFAULT NULL,
  `quantity` int(11) DEFAULT NULL
) ENGINE=InnoDB DEFAULT CHARSET=latin1;

--
-- Dumping data for table `o49`
--

INSERT INTO `o49` (`product_name`, `product_id`, `quantity`) VALUES
('Lahsun Sev', '10', 4),
('Kalami Vada', '38', 4);

-- --------------------------------------------------------

--
-- Table structure for table `o50`
--

CREATE TABLE `o50` (
  `product_name` varchar(20) DEFAULT NULL,
  `product_id` varchar(20) DEFAULT NULL,
  `quantity` int(11) DEFAULT NULL
) ENGINE=InnoDB DEFAULT CHARSET=latin1;

--
-- Dumping data for table `o50`
--

INSERT INTO `o50` (`product_name`, `product_id`, `quantity`) VALUES
('Lahsun Sev', '10', 4),
('Kalami Vada', '38', 20),
('Sweet Kesar Fini', '42', 1);

-- --------------------------------------------------------

--
-- Table structure for table `o51`
--

CREATE TABLE `o51` (
  `product_name` varchar(20) DEFAULT NULL,
  `product_id` varchar(20) DEFAULT NULL,
  `quantity` int(11) DEFAULT NULL
) ENGINE=InnoDB DEFAULT CHARSET=latin1;

--
-- Dumping data for table `o51`
--

INSERT INTO `o51` (`product_name`, `product_id`, `quantity`) VALUES
('Magaj', '30', 1);

-- --------------------------------------------------------

--
-- Table structure for table `o52`
--

CREATE TABLE `o52` (
  `product_name` varchar(20) DEFAULT NULL,
  `product_id` varchar(20) DEFAULT NULL,
  `quantity` int(11) DEFAULT NULL
) ENGINE=InnoDB DEFAULT CHARSET=latin1;

--
-- Dumping data for table `o52`
--

INSERT INTO `o52` (`product_name`, `product_id`, `quantity`) VALUES
('Coconut Water', '59', 10),
('Gajak', '12', 1);

-- --------------------------------------------------------

--
-- Table structure for table `o53`
--

CREATE TABLE `o53` (
  `product_name` varchar(20) DEFAULT NULL,
  `product_id` varchar(20) DEFAULT NULL,
  `quantity` int(11) DEFAULT NULL
) ENGINE=InnoDB DEFAULT CHARSET=latin1;

--
-- Dumping data for table `o53`
--

INSERT INTO `o53` (`product_name`, `product_id`, `quantity`) VALUES
('Coconut Water', '59', 10),
('Gajak', '12', 1);

-- --------------------------------------------------------

--
-- Table structure for table `o54`
--

CREATE TABLE `o54` (
  `product_name` varchar(20) DEFAULT NULL,
  `product_id` varchar(20) DEFAULT NULL,
  `quantity` int(11) DEFAULT NULL
) ENGINE=InnoDB DEFAULT CHARSET=latin1;

--
-- Dumping data for table `o54`
--

INSERT INTO `o54` (`product_name`, `product_id`, `quantity`) VALUES
('Coconut Water', '59', 20);

-- --------------------------------------------------------

--
-- Table structure for table `o55`
--

CREATE TABLE `o55` (
  `product_name` varchar(20) DEFAULT NULL,
  `product_id` varchar(20) DEFAULT NULL,
  `quantity` int(11) DEFAULT NULL
) ENGINE=InnoDB DEFAULT CHARSET=latin1;

--
-- Dumping data for table `o55`
--

INSERT INTO `o55` (`product_name`, `product_id`, `quantity`) VALUES
('Coconut Water', '59', 20),
('Banana Chips', '23', 1);

-- --------------------------------------------------------

--
-- Table structure for table `o56`
--

CREATE TABLE `o56` (
  `product_name` varchar(20) DEFAULT NULL,
  `product_id` varchar(20) DEFAULT NULL,
  `quantity` int(11) DEFAULT NULL
) ENGINE=InnoDB DEFAULT CHARSET=latin1;

--
-- Dumping data for table `o56`
--

INSERT INTO `o56` (`product_name`, `product_id`, `quantity`) VALUES
('Coconut Water', '59', 20),
('Banana Chips', '23', 2);

-- --------------------------------------------------------

--
-- Table structure for table `o57`
--

CREATE TABLE `o57` (
  `product_name` varchar(20) DEFAULT NULL,
  `product_id` varchar(20) DEFAULT NULL,
  `quantity` int(11) DEFAULT NULL
) ENGINE=InnoDB DEFAULT CHARSET=latin1;

--
-- Dumping data for table `o57`
--

INSERT INTO `o57` (`product_name`, `product_id`, `quantity`) VALUES
('Chatpati Daal', '1', 2);

-- --------------------------------------------------------

--
-- Table structure for table `o58`
--

CREATE TABLE `o58` (
  `product_name` varchar(20) DEFAULT NULL,
  `product_id` varchar(20) DEFAULT NULL,
  `quantity` int(11) DEFAULT NULL
) ENGINE=InnoDB DEFAULT CHARSET=latin1;

--
-- Dumping data for table `o58`
--

INSERT INTO `o58` (`product_name`, `product_id`, `quantity`) VALUES
('Chatpati Daal', '1', 2),
('Suhali', '4', 1);

/*!40101 SET CHARACTER_SET_CLIENT=@OLD_CHARACTER_SET_CLIENT */;
/*!40101 SET CHARACTER_SET_RESULTS=@OLD_CHARACTER_SET_RESULTS */;
/*!40101 SET COLLATION_CONNECTION=@OLD_COLLATION_CONNECTION */;
